A,Alexander,Aiden,Asher,Anthony,Andrew,Adrian,Aaron,Axel,Angel,Austin,Adam,Amir,Ayden,Ashton,Adriel,August,Archer,Arthur,Antonio,Abel,Alex,Atlas,Alan,Ace,Abraham,Alejandro,Avery,Amari,Andres,Arlo,Adonis,Aidan,Andre,Atticus,Anderson,Angelo,Ali,Armani,Ari,Andy,Alijah,Apollo,Ayaan,Allen,Archie,Adan,Alonzo,Alexis,Aziel,Augustus,Armando,Asa,Abdiel,Albert,Abram,Arjun,Ariel,Alec,Arturo,Ares,Axton,Alessandro,Ahmad,Ander,Ahmed,Aarav,Aden,Alden,Alberto,Alvin,Azariah,Amias,Amos,Anakin,Augustine,Atreus,Aron,Alfredo,Axl,Alonso,Aldo,Abdullah,Alaric,Ambrose,Allan,Ameer,Anders,Aryan,Alvaro,Arian,Aydin,Aries,Alfred,Ayan,Avi,Adler,Azrael,Ahmir,Alistair,Abner,Ahron,Ahmed,Al
B,Benjamin,Brooks,Bennett,Beau,Brayden,Bryson,Braxton,Bentley,Brandon,Brody,Barrett,Beckett,Blake,Brantley,Bryce,Beckham,Bryan,Brian,Bradley,Bodhi,Brady,Bowen,Briggs,Baylor,Bruce,Braylen,Baker,Braylon,Bo,Benson,Boone,Boston,Brycen,Bodie,Brixton,Bryant,Brock,Bruno,Brendan,Bellamy,Banks,Briar,Brennan,Ben,Benicio,Bjorn,Byron,Brecken,Braden,Bode,Boden,Bobby,Bronson,Blaze,Brayan,Brodie,Branson,Bentlee,Blaine,Bear,Brett,Bridger,Blaise,Bishop,Bernard,Ben,,,,,,,,,,,,,,,,,,,,,,,,,,,,,,,,,,,,,
C,Carter,Charles,Christopher,Caleb,Christian,Cameron,Colton,Cooper,Connor,Carson,Chase,Cole,Calvin,Carlos,Camden,Charlie,Colt,Caden,Cash,Cayden,Cohen,Crew,Colin,Chance,Clayton,Cody,Cruz,Cristian,Callum,Cairo,Corbin,Colson,Cyrus,Cesar,Cade,Caiden,Clark,Conor,Callan,Conner,Collin,Cassius,Casey,Corey,Callen,Cannon,Conrad,Chandler,Case,Colby,Clay,Cason,Chris,Cullen,Chaim,Curtis,Cayson,Clyde,Carmelo,Casen,Colten,Caspian,Creed,Callahan,Crosby,Carl,Camilo,Cain,Castiel,Cory,Calum,Cal,Coen,Canaan,Cillian,Cedric,Colter,Cat,,,,,,,,,,,,,,,,,,,,,,,,,
D,Daniel,David,Dylan,Dominic,Declan,Damian,Diego,Dean,Dawson,Dallas,Damien,Daxton,Dante,Derek,Dakota,Desmond,Donovan,Devin,Damon,Dominick,Dalton,Dax,Dorian,Deacon,Denver,Drew,Drake,Derrick,Davis,Dexter,Danny,Darius,Dariel,Donald,Duke,Dennis,Dustin,Dakari,Dillon,Devon,Darren,Douglas,Deandre,Dash,Dario,Darian,Dane,Dilan,Demetrius,Dior,Damari,Darwin,Dominik,Davion,Damir,Dangelo,Dion,Dayton,Duncan,Davian,Demian,Dimitry,David,,,,,,,,,,,,,,,,,,,,,,,,,,,,,,,,,,,,,,,,
E,Elijah,Ethan,Ezra,Elias,Eli,Ezekiel,Easton,Everett,Evan,Emmett,Emmanuel,Elliott,Elliot,Enzo,Emiliano,Edward,Eric,Emilio,Emerson,Erick,Ellis,Eduardo,Edwin,Elian,Ezequiel,Edgar,Emanuel,Erik,Esteban,Eden,Enrique,Emmitt,Edison,Ermias,Emir,Eddie,Emery,Eliel,Eliseo,Ernesto,Enoch,Emory,Elisha,Eugene,Eithan,Everest,Eliezer,Erenst,Elly,Ephraim,,,,,,,,,,,,,,,,,,,,,,,,,,,,,,,,,,,,,,,,,,,,,,,,,,,,,
F,Finn,Felix,Francisco,Finley,Fernando,Finnegan,Franklin,Fabian,Frank,Ford,Forrest,Francis,Frederick,Finnley,Fletcher,Flynn,Forest,Felipe,Fisher,Fox,Franco,Foster,Frankie,Frank,Fadi,Ferdinand,,,,,,,,,,,,,,,,,,,,,,,,,,,,,,,,,,,,,,,,,,,,,,,,,,,,,,,,,,,,,,,,,,,,,,,,,,,,,
G,Grayson,Gabriel,Greyson,Gael,Giovanni,George,Gavin,Graham,Grant,Griffin,Gunner,Gideon,Gianni,Garrett,Grady,Gregory,Gage,Gunnar,Gerardo,Gustavo,Grey,Gatlin,Gary,Genesis,Guillermo,Graysen,Gerald,Gordon,,,,,,,,,,,,,,,,,,,,,,,,,,,,,,,,,,,,,,,,,,,,,,,,,,,,,,,,,,,,,,,,,,,,,,,,,,,
H,Henry,Hudson,Hunter,Harrison,Hayden,Holden,Hayes,Hendrix,Hector,Harvey,Hugo,Hank,Huxley,Hezekiah,Hamza,Harlan,Harry,Houston,Hugh,Harley,Hassan,Henrik,Harlem,Harold,Hakeem,Heath,Harris,,,,,,,,,,,,,,,,,,,,,,,,,,,,,,,,,,,,,,,,,,,,,,,,,,,,,,,,,,,,,,,,,,,,,,,,,,,,
I,Isaac,Isaiah,Ian,Ivan,Israel,Ismael,Iker,Ibrahim,Isaias,Izaiah,Issac,Ira,Idris,Ishaan,Imad,,,,,,,,,,,,,,,,,,,,,,,,,,,,,,,,,,,,,,,,,,,,,,,,,,,,,,,,,,,,,,,,,,,,,,,,,,,,,,,,,,,,,,,,
J,James,Jacob,Jackson,Jack,Joseph,John,Julian,Jayden,Jaxon,Josiah,Joshua,Jonathan,Jeremiah,Jameson,Jordan,Jaxson,Jose,Jace,Jason,Jonah,Jasper,Juan,Jayce,Jude,Justin,Jesus,Judah,Jesse,Joel,Jeremy,Jax,Javier,Jorge,Josue,Jett,Jaden,Jensen,Joaquin,Jaylen,Jake,Julius,Jared,Jaxton,Jay,Jeffrey,Johnny,Jaiden,Jayceon,Johnathan,Jase,Jamison,Jonas,Jayson,Jasiah,Julio,Jalen,Jaime,Jaziel,Jamari,Jaxtyn,Julien,Johan,Jerry,Jamir,Justice,Jefferson,Jamie,Jagger,Jedidiah,Jimmy,Joe,Joziah,Junior,Jaxxon,Jon,Juelz,Jakobe,Jadiel,Jakari,Judson,Jakob,Jaxx,Joey,Jair,Jacoby,Jamal,Jeremias,Jones,Jabari,Jovanni,Jad,Jaxen,Jericho,Jeffery,,,,,,,,,
K,Kai,Kayden,Kingston,Kaiden,Kevin,Karter,King,Kyrie,Kaleb,Knox,Kobe,Kenneth,Kyler,Kaden,Kash,Karson,Khalil,Kairo,Kayson,Kameron,Kyle,Kane,Killian,Kade,Kason,Kamari,Kendrick,Kashton,Kolton,Kylo,Kian,Kaison,Kyson,Kasen,Kamden,Keegan,Keanu,Kieran,Kylan,Kannon,Kenzo,Kaysen,Koa,Koda,Kyree,Keith,Kingsley,Kareem,Kohen,Khari,Kellan,Keaton,Karsyn,Krew,Korbin,Kace,Kellen,Kiaan,Kye,Kristian,Kristopher,Kase,Kole,Kyro,Kamryn,Kabir,Kaiser,Kyng,Khalid,Kylen,Kenji,Kelvin,Kody,Kamdyn,Keenan,Korbyn,Kalel,Kylian,,,,,,,,,,,,,,,,,,,,,,,,,
L,Liam,Lucas,Logan,Levi,Luke,Leo,Lincoln,Luca,Landon,Leonardo,Legend,Luis,Lorenzo,Luka,Leon,Lukas,Lane,Louis,Lennox,Leonel,Lawson,Luciano,Leonidas,Lucca,Leland,Lewis,Lawrence,Landen,Layton,Landyn,Ledger,Leonard,Lucian,Leandro,Lionel,Layne,Lennon,Langston,Lachlan,Lochlan,Leighton,Lance,Legacy,Lee,Louie,Lian,Larry,London,Leif,Leroy,Landry,Lyric,,,,,,,,,,,,,,,,,,,,,,,,,,,,,,,,,,,,,,,,,,,,,,,,,,,
M,Mason,Michael,Mateo,Matthew,Maverick,Miles,Micah,Myles,Milo,Maxwell,Max,Malachi,Maddox,Matteo,Miguel,Messiah,Matias,Marcus,Mark,Maximus,Maximiliano,Malakai,Malcolm,Martin,Muhammad,Manuel,Mario,Major,Marshall,Malik,Marco,Mathias,Milan,Matthias,Memphis,Marcos,Maximilian,Moses,Mack,Moises,Moshe,Makai,Mohamed,Marvin,Mauricio,Mohammed,Marcelo,Mohammad,Marcel,Morgan,Miller,Mathew,Mitchell,Marcellus,Musa,Melvin,Maximo,Mekhi,Mylo,Magnus,Misael,Madden,Maurice,Maison,Mccoy,Mac,Mordechai,Marley,Murphy,Marlon,Maxton,,,,,,,,,,,,,,,,,,,,,,,,,,,,,,,,
N,Noah,Nathan,Nolan,Nicholas,Nathaniel,Nicolas,Nash,Nico,Niko,Nasir,Nehemiah,Noel,Nikolai,Nikolas,Nixon,Nelson,Noe,Nathanael,Neil,Nova,Niklaus,Naim,Norman,Norm,,,,,,,,,,,,,,,,,,,,,,,,,,,,,,,,,,,,,,,,,,,,,,,,,,,,,,,,,,,,,,,,,,,,,,,,,,,,,,,
O,Oliver,Owen,Oscar,Omar,Orion,Odin,Otto,Oakley,Omari,Onyx,Otis,Orlando,Ocean,Osiris,Olly,Omar,,,,,,,,,,,,,,,,,,,,,,,,,,,,,,,,,,,,,,,,,,,,,,,,,,,,,,,,,,,,,,,,,,,,,,,,,,,,,,,,,,,,,,,
P,Parker,Patrick,Peter,Preston,Phoenix,Paul,Paxton,Prince,Pablo,Pedro,Princeton,Porter,Peyton,Philip,Pierce,Phillip,Phil,Pat,,,,,,,,,,,,,,,,,,,,,,,,,,,,,,,,,,,,,,,,,,,,,,,,,,,,,,,,,,,,,,,,,,,,,,,,,,,,,,,,,,,,,
Q,Quinn,Quentin,Quincy,Quinton,,,,,,,,,,,,,,,,,,,,,,,,,,,,,,,,,,,,,,,,,,,,,,,,,,,,,,,,,,,,,,,,,,,,,,,,,,,,,,,,,,,,,,,,,,,,,,,,,,,
R,Ryan,Roman,Robert,Ryder,Rowan,River,Ryker,Rhett,Richard,Remington,Rafael,Riley,Ronan,Raymond,Reid,Rylan,Rory,Ricardo,Remy,Russell,Romeo,Ronin,Raiden,Royal,Royce,Rhys,Roberto,Reed,Ruben,Rocco,Raphael,Ryland,Rowen,Ronald,Raul,Roland,Roy,Rodrigo,Reece,Rayan,Raylan,Ridge,Reign,Roger,Rex,Ricky,Ray,Rayden,Reese,Ramon,Remi,Rio,Rohan,Rocky,Rudy,Randy,Rodney,Robin,Rey,Reuben,Riggs,Rome,Rene,Reginald,Rogelio,,,,,,,,,,,,,,,,,,,,,,,,,,,,,,,,,,,,,,
S,Sebastian,Samuel,Santiago,Silas,Sawyer,Steven,Simon,Spencer,Stephen,Sean,Sergio,Sullivan,Sterling,Solomon,Seth,Sage,Santino,Shawn,Stetson,Shane,Soren,Sonny,Santana,Scott,Skyler,Samson,Sutton,Saint,Saul,Sylas,Sincere,Shepherd,Shiloh,Samir,Sam,Salvador,Stanley,Salem,Stefan,Santos,Seven,Shepard,Salvatore,,,,,,,,,,,,,,,,,,,,,,,,,,,,,,,,,,,,,,,,,,,,,,,,,,,,,,,,,,,,
T,Theodore,Thomas,Tyler,Thiago,Theo,Tristan,Tucker,Timothy,Tobias,Tanner,Travis,Titus,Tate,Tyson,Trevor,Troy,Tripp,Tatum,Taylor,Trenton,Tony,Ty,Titan,Trey,Tadeo,Tomas,Tommy,Trace,Talon,Thaddeus,Tru,Thatcher,Tristen,Terry,Trent,Truett,Terrance,Turner,,,,,,,,,,,,,,,,,,,,,,,,,,,,,,,,,,,,,,,,,,,,,,,,,,,,,,,,,,,,,,,,,
U,Uriel,Uriah,Ulises,Ully,,,,,,,,,,,,,,,,,,,,,,,,,,,,,,,,,,,,,,,,,,,,,,,,,,,,,,,,,,,,,,,,,,,,,,,,,,,,,,,,,,,,,,,,,,,,,,,,,,,
V,Vincent,Victor,Valentino,Vihaan,Vincenzo,Vicente,Valentin,Van,Vance,,,,,,,,,,,,,,,,,,,,,,,,,,,,,,,,,,,,,,,,,,,,,,,,,,,,,,,,,,,,,,,,,,,,,,,,,,,,,,,,,,,,,,,,,,,,,,
W,William,Wyatt,Wesley,Waylon,Weston,Walker,Walter,Wade,Warren,Winston,Wilder,Wells,Watson,Wilson,Westley,Westin,Wayne,Wesson,Wallace,Will,Wes,Willie,,,,,,,,,,,,,,,,,,,,,,,,,,,,,,,,,,,,,,,,,,,,,,,,,,,,,,,,,,,,,,,,,,,,,,,,,,,,,,,,,
X,Xavier,Xander,Xzavier,,,,,,,,,,,,,,,,,,,,,,,,,,,,,,,,,,,,,,,,,,,,,,,,,,,,,,,,,,,,,,,,,,,,,,,,,,,,,,,,,,,,,,,,,,,,,,,,,,,,
Y,Yusuf,Yosef,Yehuda,Yousef,Yahir,Yan,,,,,,,,,,,,,,,,,,,,,,,,,,,,,,,,,,,,,,,,,,,,,,,,,,,,,,,,,,,,,,,,,,,,,,,,,,,,,,,,,,,,,,,,,,,,,,,,,
Z,Zachary,Zion,Zayden,Zane,Zander,Zayn,Zayne,Zyaire,Zaiden,Zachariah,Zaire,Zain,Zaid,Zeke,Zayd,Zavier,Zahir,Zakai,Zev,Zechariah,Zyair,,,,,,,,,,,,,,,,,,,,,,,,,,,,,,,,,,,,,,,,,,,,,,,,,,,,,,,,,,,,,,,,,,,,,,,,,,,,,,,,,,
